<application>
  <component name="LocalDatabaseDriverManager" version="201">
    <driver id="mysql.8">
      <artifact />
      <artifact id="MySQL ConnectorJ" name="MySQL ConnectorJ" use="true" version="8.2.0" />
    </driver>
    <driver id="oracle.19" dialect="OracleSqlPlus">
      <artifact id="Oracle" name="Oracle" use="true" version="21.5.0.0" />
    </driver>
    <driver id="sqlite.xerial">
      <artifact id="Xerial SQLiteJDBC" name="Xerial SQLiteJDBC" use="true" version="3.45.1" />
    </driver>
  </component>
</application>