<application>
  <component name="ProjectJdkTable">
    <jdk version="2">
      <name value="corretto-1.8" />
      <type value="JavaSDK" />
      <version value="Amazon Corretto 1.8.0_432" />
      <homePath value="D:/CodingEnv/Java/jdk/jdk-1.8.0" />
      <roots>
        <annotationsPath>
          <root type="composite">
            <root url="jar://$APPLICATION_HOME_DIR$/plugins/java/lib/resources/jdkAnnotations.jar!/" type="simple" />
          </root>
        </annotationsPath>
        <classPath>
          <root type="composite">
            <root url="jar://D:/CodingEnv/Java/jdk/jdk-1.8.0/jre/lib/charsets.jar!/" type="simple" />
            <root url="jar://D:/CodingEnv/Java/jdk/jdk-1.8.0/jre/lib/ext/access-bridge-64.jar!/" type="simple" />
            <root url="jar://D:/CodingEnv/Java/jdk/jdk-1.8.0/jre/lib/ext/cldrdata.jar!/" type="simple" />
            <root url="jar://D:/CodingEnv/Java/jdk/jdk-1.8.0/jre/lib/ext/dnsns.jar!/" type="simple" />
            <root url="jar://D:/CodingEnv/Java/jdk/jdk-1.8.0/jre/lib/ext/jaccess.jar!/" type="simple" />
            <root url="jar://D:/CodingEnv/Java/jdk/jdk-1.8.0/jre/lib/ext/jfxrt.jar!/" type="simple" />
            <root url="jar://D:/CodingEnv/Java/jdk/jdk-1.8.0/jre/lib/ext/localedata.jar!/" type="simple" />
            <root url="jar://D:/CodingEnv/Java/jdk/jdk-1.8.0/jre/lib/ext/nashorn.jar!/" type="simple" />
            <root url="jar://D:/CodingEnv/Java/jdk/jdk-1.8.0/jre/lib/ext/sunec.jar!/" type="simple" />
            <root url="jar://D:/CodingEnv/Java/jdk/jdk-1.8.0/jre/lib/ext/sunjce_provider.jar!/" type="simple" />
            <root url="jar://D:/CodingEnv/Java/jdk/jdk-1.8.0/jre/lib/ext/sunmscapi.jar!/" type="simple" />
            <root url="jar://D:/CodingEnv/Java/jdk/jdk-1.8.0/jre/lib/ext/sunpkcs11.jar!/" type="simple" />
            <root url="jar://D:/CodingEnv/Java/jdk/jdk-1.8.0/jre/lib/ext/zipfs.jar!/" type="simple" />
            <root url="jar://D:/CodingEnv/Java/jdk/jdk-1.8.0/jre/lib/jce.jar!/" type="simple" />
            <root url="jar://D:/CodingEnv/Java/jdk/jdk-1.8.0/jre/lib/jfr.jar!/" type="simple" />
            <root url="jar://D:/CodingEnv/Java/jdk/jdk-1.8.0/jre/lib/jfxswt.jar!/" type="simple" />
            <root url="jar://D:/CodingEnv/Java/jdk/jdk-1.8.0/jre/lib/jsse.jar!/" type="simple" />
            <root url="jar://D:/CodingEnv/Java/jdk/jdk-1.8.0/jre/lib/management-agent.jar!/" type="simple" />
            <root url="jar://D:/CodingEnv/Java/jdk/jdk-1.8.0/jre/lib/resources.jar!/" type="simple" />
            <root url="jar://D:/CodingEnv/Java/jdk/jdk-1.8.0/jre/lib/rt.jar!/" type="simple" />
          </root>
        </classPath>
        <javadocPath>
          <root type="composite" />
        </javadocPath>
        <sourcePath>
          <root type="composite">
            <root url="jar://D:/CodingEnv/Java/jdk/jdk-1.8.0/src.zip!/" type="simple" />
            <root url="jar://D:/CodingEnv/Java/jdk/jdk-1.8.0/javafx-src.zip!/" type="simple" />
          </root>
        </sourcePath>
      </roots>
    </jdk>
    <jdk version="2">
      <name value="corretto-1.8 (3)" />
      <type value="JavaSDK" />
      <version value="java version &quot;1.8.0_432&quot;" />
      <homePath value="D:/CodingEnv/Java/jdk/jdk-1.8.0" />
      <roots>
        <annotationsPath>
          <root type="composite">
            <root url="jar://$APPLICATION_HOME_DIR$/plugins/java/lib/resources/jdkAnnotations.jar!/" type="simple" />
          </root>
        </annotationsPath>
        <classPath>
          <root type="composite">
            <root url="jar://D:/CodingEnv/Java/jdk/jdk-1.8.0/jre/lib/charsets.jar!/" type="simple" />
            <root url="jar://D:/CodingEnv/Java/jdk/jdk-1.8.0/jre/lib/ext/access-bridge-64.jar!/" type="simple" />
            <root url="jar://D:/CodingEnv/Java/jdk/jdk-1.8.0/jre/lib/ext/cldrdata.jar!/" type="simple" />
            <root url="jar://D:/CodingEnv/Java/jdk/jdk-1.8.0/jre/lib/ext/dnsns.jar!/" type="simple" />
            <root url="jar://D:/CodingEnv/Java/jdk/jdk-1.8.0/jre/lib/ext/jaccess.jar!/" type="simple" />
            <root url="jar://D:/CodingEnv/Java/jdk/jdk-1.8.0/jre/lib/ext/jfxrt.jar!/" type="simple" />
            <root url="jar://D:/CodingEnv/Java/jdk/jdk-1.8.0/jre/lib/ext/localedata.jar!/" type="simple" />
            <root url="jar://D:/CodingEnv/Java/jdk/jdk-1.8.0/jre/lib/ext/nashorn.jar!/" type="simple" />
            <root url="jar://D:/CodingEnv/Java/jdk/jdk-1.8.0/jre/lib/ext/sunec.jar!/" type="simple" />
            <root url="jar://D:/CodingEnv/Java/jdk/jdk-1.8.0/jre/lib/ext/sunjce_provider.jar!/" type="simple" />
            <root url="jar://D:/CodingEnv/Java/jdk/jdk-1.8.0/jre/lib/ext/sunmscapi.jar!/" type="simple" />
            <root url="jar://D:/CodingEnv/Java/jdk/jdk-1.8.0/jre/lib/ext/sunpkcs11.jar!/" type="simple" />
            <root url="jar://D:/CodingEnv/Java/jdk/jdk-1.8.0/jre/lib/ext/zipfs.jar!/" type="simple" />
            <root url="jar://D:/CodingEnv/Java/jdk/jdk-1.8.0/jre/lib/jce.jar!/" type="simple" />
            <root url="jar://D:/CodingEnv/Java/jdk/jdk-1.8.0/jre/lib/jfr.jar!/" type="simple" />
            <root url="jar://D:/CodingEnv/Java/jdk/jdk-1.8.0/jre/lib/jfxswt.jar!/" type="simple" />
            <root url="jar://D:/CodingEnv/Java/jdk/jdk-1.8.0/jre/lib/jsse.jar!/" type="simple" />
            <root url="jar://D:/CodingEnv/Java/jdk/jdk-1.8.0/jre/lib/management-agent.jar!/" type="simple" />
            <root url="jar://D:/CodingEnv/Java/jdk/jdk-1.8.0/jre/lib/resources.jar!/" type="simple" />
            <root url="jar://D:/CodingEnv/Java/jdk/jdk-1.8.0/jre/lib/rt.jar!/" type="simple" />
          </root>
        </classPath>
        <javadocPath>
          <root type="composite" />
        </javadocPath>
        <sourcePath>
          <root type="composite">
            <root url="jar://D:/CodingEnv/Java/jdk/jdk-1.8.0/src.zip!/" type="simple" />
            <root url="jar://D:/CodingEnv/Java/jdk/jdk-1.8.0/javafx-src.zip!/" type="simple" />
          </root>
        </sourcePath>
      </roots>
    </jdk>
    <jdk version="2">
      <name value="corretto-1.8 (2)" />
      <type value="JavaSDK" />
      <version value="java version &quot;1.8.0_432&quot;" />
      <homePath value="D:/CodingEnv/Java/jdk/jdk-1.8.0" />
      <roots>
        <annotationsPath>
          <root type="composite">
            <root url="jar://$APPLICATION_HOME_DIR$/plugins/java/lib/resources/jdkAnnotations.jar!/" type="simple" />
          </root>
        </annotationsPath>
        <classPath>
          <root type="composite">
            <root url="jar://D:/CodingEnv/Java/jdk/jdk-1.8.0/jre/lib/charsets.jar!/" type="simple" />
            <root url="jar://D:/CodingEnv/Java/jdk/jdk-1.8.0/jre/lib/ext/access-bridge-64.jar!/" type="simple" />
            <root url="jar://D:/CodingEnv/Java/jdk/jdk-1.8.0/jre/lib/ext/cldrdata.jar!/" type="simple" />
            <root url="jar://D:/CodingEnv/Java/jdk/jdk-1.8.0/jre/lib/ext/dnsns.jar!/" type="simple" />
            <root url="jar://D:/CodingEnv/Java/jdk/jdk-1.8.0/jre/lib/ext/jaccess.jar!/" type="simple" />
            <root url="jar://D:/CodingEnv/Java/jdk/jdk-1.8.0/jre/lib/ext/jfxrt.jar!/" type="simple" />
            <root url="jar://D:/CodingEnv/Java/jdk/jdk-1.8.0/jre/lib/ext/localedata.jar!/" type="simple" />
            <root url="jar://D:/CodingEnv/Java/jdk/jdk-1.8.0/jre/lib/ext/nashorn.jar!/" type="simple" />
            <root url="jar://D:/CodingEnv/Java/jdk/jdk-1.8.0/jre/lib/ext/sunec.jar!/" type="simple" />
            <root url="jar://D:/CodingEnv/Java/jdk/jdk-1.8.0/jre/lib/ext/sunjce_provider.jar!/" type="simple" />
            <root url="jar://D:/CodingEnv/Java/jdk/jdk-1.8.0/jre/lib/ext/sunmscapi.jar!/" type="simple" />
            <root url="jar://D:/CodingEnv/Java/jdk/jdk-1.8.0/jre/lib/ext/sunpkcs11.jar!/" type="simple" />
            <root url="jar://D:/CodingEnv/Java/jdk/jdk-1.8.0/jre/lib/ext/zipfs.jar!/" type="simple" />
            <root url="jar://D:/CodingEnv/Java/jdk/jdk-1.8.0/jre/lib/jce.jar!/" type="simple" />
            <root url="jar://D:/CodingEnv/Java/jdk/jdk-1.8.0/jre/lib/jfr.jar!/" type="simple" />
            <root url="jar://D:/CodingEnv/Java/jdk/jdk-1.8.0/jre/lib/jfxswt.jar!/" type="simple" />
            <root url="jar://D:/CodingEnv/Java/jdk/jdk-1.8.0/jre/lib/jsse.jar!/" type="simple" />
            <root url="jar://D:/CodingEnv/Java/jdk/jdk-1.8.0/jre/lib/management-agent.jar!/" type="simple" />
            <root url="jar://D:/CodingEnv/Java/jdk/jdk-1.8.0/jre/lib/resources.jar!/" type="simple" />
            <root url="jar://D:/CodingEnv/Java/jdk/jdk-1.8.0/jre/lib/rt.jar!/" type="simple" />
          </root>
        </classPath>
        <javadocPath>
          <root type="composite" />
        </javadocPath>
        <sourcePath>
          <root type="composite">
            <root url="jar://D:/CodingEnv/Java/jdk/jdk-1.8.0/src.zip!/" type="simple" />
            <root url="jar://D:/CodingEnv/Java/jdk/jdk-1.8.0/javafx-src.zip!/" type="simple" />
          </root>
        </sourcePath>
      </roots>
    </jdk>
  </component>
</application>