<application>
  <component name="RemoteServers">
    <remote-server name="Docker" type="docker">
      <configuration>
        <option name="apiUrl" value="npipe:////./pipe/docker_engine" />
        <option name="autoDetectExePaths" value="true" />
        <option name="certificatesPath" />
        <option name="customConfiguratorId" value="DockerDefaultConnectionConfigurator" />
        <option name="dockerComposeExePath" value="docker.exe" />
        <option name="dockerExePath" value="docker.exe" />
      </configuration>
    </remote-server>
  </component>
</application>