<application>
  <component name="Trusted.Paths">
    <option name="TRUSTED_PROJECT_PATHS">
      <map>
        <entry key="C:\Users\Administrator\Desktop\tempProject" value="true" />
        <entry key="D:\JetBrains\IdeaProjects\MyScalaPractice" value="true" />
        <entry key="D:\JetBrains\IdeaProjects\aoshu_bi" value="true" />
        <entry key="D:\JetBrains\IdeaProjects\aoshu_bi_consumer" value="true" />
        <entry key="D:\JetBrains\IdeaProjects\server\mtj_server" value="true" />
        <entry key="D:\JetBrains\IdeaProjects\server\srsc_server2" value="true" />
        <entry key="E:\Project\Assets\Lua" value="true" />
        <entry key="E:\Project\Assets\LuaCfg" value="true" />
        <entry key="E:\Project\Assets\LuaPre" value="true" />
      </map>
    </option>
  </component>
</application>