<application>
  <component name="DimensionService">
    <size key="GridCell.Tab.0.right.1920.3.1920.1080" width="1838" height="301" />
    <size key="GridCell.Tab.0.left.1920.3.1920.1080" width="1838" height="301" />
    <size key="GridCell.Tab.0.center.1920.3.1920.1080" width="1838" height="301" />
    <size key="GridCell.Tab.0.bottom.1920.3.1920.1080" width="1838" height="301" />
    <size key="GridCell.Tab.0.left.0.0.1920.1080" width="1838" height="301" />
    <size key="GridCell.Tab.0.center.0.0.1920.1080" width="1838" height="301" />
    <size key="GridCell.Tab.0.right.0.0.1920.1080" width="1838" height="301" />
    <size key="GridCell.Tab.0.bottom.0.0.1920.1080" width="1838" height="301" />
    <size key="GridCell.Tab.1.left.0.0.1920.1080" width="1838" height="301" />
    <size key="GridCell.Tab.1.center.0.0.1920.1080" width="1838" height="301" />
    <size key="GridCell.Tab.1.right.0.0.1920.1080" width="1838" height="301" />
    <size key="GridCell.Tab.1.bottom.0.0.1920.1080" width="1838" height="301" />
    <size key="GridCell.Tab.1.left.1920.3.1920.1080" width="1838" height="265" />
    <size key="GridCell.Tab.1.center.1920.3.1920.1080" width="1838" height="265" />
    <size key="GridCell.Tab.1.right.1920.3.1920.1080" width="1838" height="265" />
    <size key="GridCell.Tab.1.bottom.1920.3.1920.1080" width="1838" height="265" />
    <size key="GridCell.Tab.2.left.0.0.1920.1080" width="1838" height="301" />
    <size key="GridCell.Tab.2.center.0.0.1920.1080" width="1838" height="301" />
    <size key="GridCell.Tab.2.right.0.0.1920.1080" width="1838" height="301" />
    <size key="GridCell.Tab.2.bottom.0.0.1920.1080" width="1838" height="301" />
    <size key="GridCell.Tab.3.left.0.0.1920.1080" width="1838" height="301" />
    <size key="GridCell.Tab.3.center.0.0.1920.1080" width="1838" height="301" />
    <size key="GridCell.Tab.3.right.0.0.1920.1080" width="1838" height="301" />
    <size key="GridCell.Tab.3.bottom.0.0.1920.1080" width="1838" height="301" />
    <size key="GridCell.Tab.4.left.0.0.1920.1080" width="1838" height="301" />
    <size key="GridCell.Tab.4.center.0.0.1920.1080" width="1838" height="301" />
    <size key="GridCell.Tab.4.right.0.0.1920.1080" width="1838" height="301" />
    <size key="GridCell.Tab.4.bottom.0.0.1920.1080" width="1838" height="301" />
    <size key="GridCell.Tab.2.left.1920.3.1920.1080" width="1838" height="265" />
    <size key="GridCell.Tab.2.center.1920.3.1920.1080" width="1838" height="265" />
    <size key="GridCell.Tab.2.right.1920.3.1920.1080" width="1838" height="265" />
    <size key="GridCell.Tab.2.bottom.1920.3.1920.1080" width="1838" height="265" />
    <size key="GridCell.Tab.3.left.1920.3.1920.1080" width="1838" height="265" />
    <size key="GridCell.Tab.3.center.1920.3.1920.1080" width="1838" height="265" />
    <size key="GridCell.Tab.3.right.1920.3.1920.1080" width="1838" height="265" />
    <size key="GridCell.Tab.3.bottom.1920.3.1920.1080" width="1838" height="265" />
    <size key="GridCell.Tab.4.left.1920.3.1920.1080" width="1838" height="265" />
    <size key="GridCell.Tab.4.center.1920.3.1920.1080" width="1838" height="265" />
    <size key="GridCell.Tab.4.right.1920.3.1920.1080" width="1838" height="265" />
    <size key="GridCell.Tab.4.bottom.1920.3.1920.1080" width="1838" height="265" />
  </component>
  <component name="WindowManager">
    <frame x="2317" y="3" width="1400" height="1000" extendedState="6" />
  </component>
  <component name="WindowStateApplicationService">
    <state width="757" height="174" key="ShowUsagesActions.dimensionServiceKey" timestamp="1742548049067">
      <screen x="0" y="0" width="1920" height="1040" />
    </state>
    <state width="757" height="174" key="ShowUsagesActions.dimensionServiceKey/1920.3.1920.1040/0.0.1920.1040" timestamp="1742548049067" />
    <state x="960" y="455" width="800" height="650" key="WELCOME_SCREEN" timestamp="1742189325886">
      <screen x="0" y="0" width="1920" height="1040" />
    </state>
    <state x="960" y="455" width="800" height="650" key="WELCOME_SCREEN/1920.3.1920.1040/0.0.1920.1040" timestamp="1742189325886" />
  </component>
</application>