<application>
  <component name="Translation.Cache">
    <option name="lastTrimTime" value="1737032937822" />
  </component>
  <component name="Translation.States">
    <option name="pinTranslationDialog" value="true" />
    <option name="translationDialogHeight" value="260" />
    <option name="translationDialogLocationX" value="657" />
    <option name="translationDialogLocationY" value="392" />
    <histories>
      <item value="100" />
      <item value="Recipient" />
      <item value="Idle" />
      <item value="Expiry" />
      <item value="object" />
      <item value="actor ref" />
      <item value="玩" />
      <item value="解析&#10;&#10;&#10;" />
      <item value="jie'x&#10;&#10;" />
      <item value="解构&#10;&#10;" />
      <item value="结构&#10;&#10;" />
      <item value="拆解&#10;" />
      <item value="c" />
      <item value="content" />
      <item value="String" />
      <item value="System" />
      <item value="import" />
      <item value="10" />
      <item value="rows" />
      <item value="def neighbors(node: Node, grid: Array[Array[Int]]): List[Node] = { assert(grid.length &gt; 0, &quot;地图大小不规范&quot;) val (mx, my) = (grid.length, grid(0).length) val directions: List[(Int, Int)] = List((1, 0), (1, 1), (0, 1), (-1, 1), (-1, 0), (-1, -1), (0, -1), (1, -1)) directions.flatMap{case (dx, dy) =&gt; val (x, y) = (node.x + dx, node.y + dy) if (x &lt; 0 || mx &lt;= x || y &lt; 0 || my &lt;= y || grid(x)(y) == 1) None else Some(Node(x, y, node.g + moveCost((dx, dy)), 0, Some(node))) } }" />
      <item value="ganglion" />
      <item value="node" />
      <item value="NERD tree" />
      <item value="leader" />
      <item value="which key desc debug or delete delete and copy to clipboard" />
      <item value="these" />
      <item value="have" />
    </histories>
    <option name="languageScores">
      <map>
        <entry key="CHINESE_SIMPLIFIED" value="28" />
        <entry key="ENGLISH" value="29" />
      </map>
    </option>
  </component>
</application>