<application>
  <component name="Translation.Cache">
    <option name="lastTrimTime" value="1733905452576" />
  </component>
  <component name="Translation.States">
    <option name="pinTranslationDialog" value="true" />
    <option name="translationDialogHeight" value="260" />
    <option name="translationDialogLocationX" value="552" />
    <option name="translationDialogLocationY" value="382" />
    <histories>
      <item value="ganglion" />
      <item value="node" />
      <item value="NERD tree" />
      <item value="leader" />
      <item value="which key desc debug or delete delete and copy to clipboard" />
      <item value="these" />
      <item value="have" />
    </histories>
    <option name="languageScores">
      <map>
        <entry key="CHINESE_SIMPLIFIED" value="7" />
        <entry key="ENGLISH" value="8" />
      </map>
    </option>
  </component>
</application>