<keymap version="1" name="Windows copy" parent="$default">
  <action id="$ShowTranslationDialogAction" />
  <action id="ActivateDatabaseToolWindow">
    <keyboard-shortcut first-keystroke="alt 4" />
  </action>
  <action id="ActivateGitHubCopilotChatToolWindow">
    <keyboard-shortcut first-keystroke="shift ctrl alt comma" />
  </action>
  <action id="ActivateRunToolWindow" />
  <action id="CloseActiveTab">
    <keyboard-shortcut first-keystroke="shift escape" />
  </action>
  <action id="ExternalSystem.ProjectRefreshAction">
    <keyboard-shortcut first-keystroke="shift ctrl comma" />
  </action>
  <action id="GotoDeclaration">
    <keyboard-shortcut first-keystroke="ctrl b" />
    <mouse-shortcut keystroke="control button1" />
    <mouse-shortcut keystroke="button2" />
    <keyboard-shortcut first-keystroke="shift ctrl alt period" />
  </action>
  <action id="IdeaVim.ReloadVimRc.reload">
    <keyboard-shortcut first-keystroke="shift ctrl comma" />
  </action>
  <action id="OpenElementInNewWindow">
    <keyboard-shortcut first-keystroke="shift ctrl alt f1" />
  </action>
  <action id="Scala.NewClass">
    <keyboard-shortcut first-keystroke="ctrl alt 1" />
  </action>
  <action id="Scala.ShowImplicits">
    <keyboard-shortcut first-keystroke="shift ctrl alt equals" />
    <keyboard-shortcut first-keystroke="shift ctrl alt add" />
  </action>
  <action id="Scala.XRayModeTip">
    <keyboard-shortcut first-keystroke="shift ctrl alt quote" />
  </action>
  <action id="copilot.applyInlaysNextWord">
    <keyboard-shortcut first-keystroke="ctrl slash" />
  </action>
  <action id="copilot.disposeInlays" />
</keymap>