<keymap version="1" name="Windows copy" parent="$default">
  <action id="ActivateDatabaseToolWindow">
    <keyboard-shortcut first-keystroke="alt 4" />
  </action>
  <action id="ActivateGitHubCopilotChatToolWindow">
    <keyboard-shortcut first-keystroke="shift ctrl alt comma" />
  </action>
  <action id="ActivateRunToolWindow" />
  <action id="CloseActiveTab">
    <keyboard-shortcut first-keystroke="shift escape" />
  </action>
  <action id="IdeaVim.ReloadVimRc.reload">
    <keyboard-shortcut first-keystroke="shift ctrl comma" />
  </action>
  <action id="Scala.NewClass">
    <keyboard-shortcut first-keystroke="ctrl alt 1" />
  </action>
  <action id="Scala.ShowImplicits">
    <keyboard-shortcut first-keystroke="shift ctrl alt equals" />
    <keyboard-shortcut first-keystroke="shift ctrl alt add" />
  </action>
  <action id="Scala.XRayModeTip">
    <keyboard-shortcut first-keystroke="shift ctrl alt quote" />
  </action>
  <action id="copilot.disposeInlays" />
</keymap>